,all_retweets,all_likes,all_length,retweets,likes,length,tweet-rt-ratio
0,603.409,1.1566666666666667,152.06033333333335,1.020572450805009,3.103756708407871,182.97048300536673,0.37266666666666665
