,all_retweets,all_likes,all_length,retweets,likes,length,tweet-rt-ratio
0,347.83666666666664,1.2913333333333334,140.35266666666666,0.39927184466019416,2.3489077669902914,151.54550970873785,0.5493333333333333
