,all_retweets,all_likes,all_length,retweets,likes,length,tweet-rt-ratio
0,53.69566666666667,0.726,64.32366666666667,0.3075943996605855,0.9240560033941451,52.23462028001697,0.7856666666666666
