,all_retweets,all_likes,all_length,retweets,likes,length,tweet-rt-ratio
0,737.5423333333333,1.216,131.60333333333332,0.6897746967071057,2.1057192374350087,131.84402079722705,0.577
