,all_retweets,all_likes,all_length,retweets,likes,length
0,736.806,1.214,131.53266666666667,0.6886192952050838,2.102253032928943,131.7417677642981
