,all_retweets,all_likes,all_length,retweets,likes,length,tweet-rt-ratio
0,72.77673545966229,2.1469668542839275,123.41713570981864,0.8049837486457205,3.7183098591549295,116.88624052004333,0.5772357723577236
